scenario,horizon_days,warmup_days,forecaster,reward_mode,ga_mode,replication,policy,total_cost,holding_cost,stockout_cost,ordering_cost,routing_cost,fill_rate,stockout_rate
SUPPLY_DISRUPTION,180,54,lstm_rf,inventory_plus_routing,on,0,STATIC,21932076.50076499,8235.73787362958,21869027.04137552,31113.8282560896,23699.893259754284,0.4271503201439006,0.6239316239316239
SUPPLY_DISRUPTION,180,54,lstm_rf,inventory_plus_routing,on,0,DYNAMIC,20779745.44248759,80235.00600533992,20617396.61118613,54124.7232130686,27989.102083049336,0.4835133272701192,0.5170940170940171
SUPPLY_DISRUPTION,180,54,lstm_rf,inventory_plus_routing,on,0,DYN_FC,21875836.077173192,12255415.056460248,8450920.263599217,992876.3551752107,176624.4019385176,0.7610572328816734,0.2564102564102564
SUPPLY_DISRUPTION,180,54,lstm_rf,inventory_plus_routing,on,0,BASESTOCK,21016180.362232678,11729549.883227238,8184898.255796528,935503.9331529944,166228.290055913,0.7753636395267497,0.2393162393162393
SUPPLY_DISRUPTION,180,54,lstm_rf,inventory_plus_routing,on,0,AI,9864547.228656406,1166256.988091379,8542014.450893698,130826.66703960251,25449.1226317248,0.7553742411380103,0.2606837606837607
SUPPLY_DISRUPTION,180,54,lstm_rf,inventory_plus_routing,on,1,STATIC,24321107.91865982,16789.99123468072,24249340.771257475,31343.64013594443,23633.51603172038,0.4059161685849679,0.6282051282051282
SUPPLY_DISRUPTION,180,54,lstm_rf,inventory_plus_routing,on,1,DYNAMIC,23275054.736735422,88646.00504995717,23104285.3966062,54035.13655075983,28088.198528510628,0.4570342677900118,0.5384615384615384
SUPPLY_DISRUPTION,180,54,lstm_rf,inventory_plus_routing,on,1,DYN_FC,20636019.95125833,10660615.398303654,8919026.169087157,897132.1664160993,159246.21745142678,0.7773157727085805,0.2264957264957265
SUPPLY_DISRUPTION,180,54,lstm_rf,inventory_plus_routing,on,1,BASESTOCK,21799751.779777583,11348190.410315352,9318439.618814122,961960.2770649908,171161.4735831159,0.7684092088775708,0.235042735042735
SUPPLY_DISRUPTION,180,54,lstm_rf,inventory_plus_routing,on,1,AI,11435520.813407429,2212485.5368259726,8919026.169087157,257433.1190134114,46575.98848088684,0.7773157727085805,0.2264957264957265
SUPPLY_DISRUPTION,180,54,lstm_rf,inventory_plus_routing,on,2,STATIC,23990943.5359989,15471.712531074769,23921451.35935695,30762.53846827385,23257.92564259729,0.4371255423200748,0.5726495726495726
SUPPLY_DISRUPTION,180,54,lstm_rf,inventory_plus_routing,on,2,DYNAMIC,20691338.862725247,88855.77439347896,20530739.978067134,46786.30561997399,24956.8046446606,0.506841603812081,0.4914529914529914
SUPPLY_DISRUPTION,180,54,lstm_rf,inventory_plus_routing,on,2,DYN_FC,23831291.783854075,12264942.987062473,10402831.947887937,986602.0735253656,176914.77537829726,0.7418201648695435,0.2649572649572649
SUPPLY_DISRUPTION,180,54,lstm_rf,inventory_plus_routing,on,2,BASESTOCK,21510460.309716616,11075050.457934948,9409084.06260478,872428.2003209299,153897.58885595642,0.7670085677164759,0.2393162393162393
SUPPLY_DISRUPTION,180,54,lstm_rf,inventory_plus_routing,on,2,AI,12138031.32790856,2111076.1191209825,9735451.958620192,244772.47381603057,46730.77635135434,0.754770089847223,0.2478632478632478
SUPPLY_DISRUPTION,180,54,lstm_rf,inventory_plus_routing,on,3,STATIC,21080724.85109144,38251.88732223168,20987088.62167134,32062.98007935279,23321.362018515592,0.4531722092480088,0.5683760683760684
SUPPLY_DISRUPTION,180,54,lstm_rf,inventory_plus_routing,on,3,DYNAMIC,18870604.264069986,126991.06521647613,18671743.67722963,47180.69320854363,24688.82841532685,0.4998098689411749,0.4829059829059829
SUPPLY_DISRUPTION,180,54,lstm_rf,inventory_plus_routing,on,3,DYN_FC,21976757.963426773,11464588.594334418,9354229.21904233,982154.1314415764,175786.01860844708,0.744114756388996,0.2478632478632478
SUPPLY_DISRUPTION,180,54,lstm_rf,inventory_plus_routing,on,3,BASESTOCK,23608950.655503765,12004382.458324522,10364237.737080744,1049070.1490595452,191260.3110389532,0.730519606858502,0.2606837606837607
SUPPLY_DISRUPTION,180,54,lstm_rf,inventory_plus_routing,on,3,AI,12195981.95043895,1784866.973066061,10190877.745255113,185689.4628949197,34547.769222855364,0.7372818380504078,0.2521367521367521
SUPPLY_DISRUPTION,180,54,lstm_rf,inventory_plus_routing,on,4,STATIC,23557581.80352948,35905.42503084152,23465879.15230096,32203.156376496023,23594.06982118244,0.4397297179802952,0.6196581196581197
SUPPLY_DISRUPTION,180,54,lstm_rf,inventory_plus_routing,on,4,DYNAMIC,20599781.835153226,108076.17667701296,20417005.10476737,48892.340845005296,25808.21286383457,0.5096461081494339,0.4871794871794871
SUPPLY_DISRUPTION,180,54,lstm_rf,inventory_plus_routing,on,4,DYN_FC,24375963.322392598,12347875.590570386,10799235.732245704,1038194.7740626576,190657.2255138512,0.751592201272462,0.2478632478632478
SUPPLY_DISRUPTION,180,54,lstm_rf,inventory_plus_routing,on,4,BASESTOCK,23498348.57844725,11733113.41684468,10614897.789139424,977841.4616750844,172495.91078805746,0.7592641564917038,0.2435897435897435
SUPPLY_DISRUPTION,180,54,lstm_rf,inventory_plus_routing,on,4,AI,13126196.92509454,971196.1675084694,12024793.28684938,109725.59171063438,20481.879026057268,0.7178076849730333,0.282051282051282
SUPPLY_DISRUPTION,180,54,lstm_rf,inventory_plus_routing,on,5,STATIC,19656156.6077422,36830.92374414961,19564786.84587276,31766.62550699712,22772.212618299305,0.4560901344240062,0.5641025641025641
SUPPLY_DISRUPTION,180,54,lstm_rf,inventory_plus_routing,on,5,DYNAMIC,17517506.366757028,176217.58860015348,17268223.571694445,47177.19442899705,25888.01203343264,0.5019787762291347,0.5042735042735043
SUPPLY_DISRUPTION,180,54,lstm_rf,inventory_plus_routing,on,5,DYN_FC,21522055.017064232,11130968.572564712,9145308.637677392,1051115.041301743,194662.76552038649,0.7333172769739301,0.2521367521367521
SUPPLY_DISRUPTION,180,54,lstm_rf,inventory_plus_routing,on,5,BASESTOCK,20931393.825287603,10679120.211550456,9074145.09191874,997566.6554822836,180561.86633612317,0.7403535676406482,0.2435897435897435
SUPPLY_DISRUPTION,180,54,lstm_rf,inventory_plus_routing,on,5,AI,12570420.840468368,889158.2975852134,11479872.808468595,168808.6026317452,32581.13178281213,0.6742471965139119,0.3247863247863248
SUPPLY_DISRUPTION,180,54,lstm_rf,inventory_plus_routing,on,6,STATIC,23357359.51093286,41235.51063260112,23259975.77684956,32487.74874381283,23660.474706889727,0.4385805627954314,0.5726495726495726
SUPPLY_DISRUPTION,180,54,lstm_rf,inventory_plus_routing,on,6,DYNAMIC,19895761.85423101,132785.3513869136,19688995.036980707,48601.18853788312,25380.277325506053,0.4993130763409296,0.4914529914529914
SUPPLY_DISRUPTION,180,54,lstm_rf,inventory_plus_routing,on,6,DYN_FC,23787035.10228464,13137153.045997072,9390497.65070768,1069197.7856552463,190186.61992463973,0.7420306574030889,0.2478632478632478
SUPPLY_DISRUPTION,180,54,lstm_rf,inventory_plus_routing,on,6,BASESTOCK,23971182.67199632,13102220.608008336,9602359.973143218,1073400.5962506756,193201.4945940916,0.7384922217709065,0.2521367521367521
SUPPLY_DISRUPTION,180,54,lstm_rf,inventory_plus_routing,on,6,AI,12819510.29632678,1983710.79529167,10550272.122898316,240552.2587502369,44975.119386557286,0.7103827774644719,0.282051282051282
SUPPLY_DISRUPTION,180,54,lstm_rf,inventory_plus_routing,on,7,STATIC,24493737.49934844,11826.870362276964,24426892.72921723,31765.864677509613,23252.03509141897,0.4420835654490853,0.5854700854700855
SUPPLY_DISRUPTION,180,54,lstm_rf,inventory_plus_routing,on,7,DYNAMIC,20718387.090412118,79950.09774364738,20558465.222110827,52777.11126294945,27194.659294688197,0.4902818702275908,0.5170940170940171
SUPPLY_DISRUPTION,180,54,lstm_rf,inventory_plus_routing,on,7,DYN_FC,25328879.01202048,13667425.640303783,10367762.025064666,1097129.9862397711,196561.36041225516,0.7349029586533455,0.2735042735042735
SUPPLY_DISRUPTION,180,54,lstm_rf,inventory_plus_routing,on,7,BASESTOCK,24005984.564314984,12995003.317194438,9792486.396900397,1035646.4532752098,182848.39694494056,0.751224292688336,0.2564102564102564
SUPPLY_DISRUPTION,180,54,lstm_rf,inventory_plus_routing,on,7,AI,11806796.254728615,1471760.5338773108,10164036.196409136,143487.31223698342,27512.212205187145,0.7390001389020618,0.2649572649572649
SUPPLY_DISRUPTION,180,54,lstm_rf,inventory_plus_routing,on,8,STATIC,21965598.145266984,9064.712752669113,21904434.658838782,29107.113790970827,22991.659884559896,0.4106345917119198,0.5982905982905983
SUPPLY_DISRUPTION,180,54,lstm_rf,inventory_plus_routing,on,8,DYNAMIC,19043509.879168697,72269.04799261951,18897602.805436496,47836.23708614531,25801.788653433905,0.5074872218198005,0.5042735042735043
SUPPLY_DISRUPTION,180,54,lstm_rf,inventory_plus_routing,on,8,DYN_FC,20854895.41603025,11247049.344993344,8499852.604545906,938090.4232665368,169903.04322446077,0.7527829118334236,0.2478632478632478
SUPPLY_DISRUPTION,180,54,lstm_rf,inventory_plus_routing,on,8,BASESTOCK,20305015.179972835,10822729.638931554,8414138.995476432,907224.3812457907,160922.1643190565,0.761659413645552,0.2435897435897435
SUPPLY_DISRUPTION,180,54,lstm_rf,inventory_plus_routing,on,8,AI,9988644.82354528,1312597.2232952097,8499852.604545906,147707.52730277705,28487.468401386646,0.7527829118334236,0.2478632478632478
SUPPLY_DISRUPTION,180,54,lstm_rf,inventory_plus_routing,on,9,STATIC,25410151.163505767,45797.545437788045,25311482.994706523,30219.424347129538,22651.199014330254,0.4504380374134174,0.5641025641025641
SUPPLY_DISRUPTION,180,54,lstm_rf,inventory_plus_routing,on,9,DYNAMIC,21546912.042356737,259892.68924473008,21212350.993923426,48477.04799074449,26191.31119784037,0.4960509251599799,0.5213675213675214
SUPPLY_DISRUPTION,180,54,lstm_rf,inventory_plus_routing,on,9,DYN_FC,23358646.854811583,12015353.863810863,10278606.174519822,902628.250168054,162058.56631284303,0.7612104030661045,0.2435897435897435
SUPPLY_DISRUPTION,180,54,lstm_rf,inventory_plus_routing,on,9,BASESTOCK,22629914.72594147,11804153.955003336,9784661.17966538,886509.8156936499,154589.77557910478,0.7757022847768164,0.2307692307692307
SUPPLY_DISRUPTION,180,54,lstm_rf,inventory_plus_routing,on,9,AI,12226034.940794129,1708335.004410986,10319104.086949209,164588.38756595156,34007.46186797976,0.7582631775554615,0.2478632478632478
SUPPLY_DISRUPTION,180,54,lstm_rf,inventory_plus_routing,on,10,STATIC,23711969.467717275,17466.262483331066,23639828.77577047,31000.88875416849,23673.54070930602,0.423708599686394,0.6324786324786325
SUPPLY_DISRUPTION,180,54,lstm_rf,inventory_plus_routing,on,10,DYNAMIC,22362340.16909185,70345.56427976779,22215322.806554515,49614.97156019124,27056.82669737798,0.4960145416975192,0.5384615384615384
SUPPLY_DISRUPTION,180,54,lstm_rf,inventory_plus_routing,on,10,DYN_FC,22500706.541515317,11746438.711306432,9660056.956060983,927112.177208434,167098.6969394641,0.7725925472713744,0.2393162393162393
SUPPLY_DISRUPTION,180,54,lstm_rf,inventory_plus_routing,on,10,BASESTOCK,21708376.0441901,11659016.011834385,8981519.423245074,907230.9335830222,160609.67552762016,0.7829204163208123,0.2307692307692307
SUPPLY_DISRUPTION,180,54,lstm_rf,inventory_plus_routing,on,10,AI,15115541.617933186,2774721.296500267,11926227.361295013,350277.8504608713,64315.10967703284,0.7353003011901041,0.2735042735042735
SUPPLY_DISRUPTION,180,54,lstm_rf,inventory_plus_routing,on,11,STATIC,23177672.981872976,19530.193314576416,23102247.96978941,32379.582785670125,23515.235983323088,0.4448730141138802,0.5811965811965812
SUPPLY_DISRUPTION,180,54,lstm_rf,inventory_plus_routing,on,11,DYNAMIC,22666341.41489804,85083.67350329492,22502399.668251783,51776.8160618598,27081.25708110061,0.5065171077602819,0.5170940170940171
SUPPLY_DISRUPTION,180,54,lstm_rf,inventory_plus_routing,on,11,DYN_FC,25696479.54213719,13435465.302896244,11021768.956640624,1053562.620468711,185682.66213161653,0.7421034419976607,0.2649572649572649
SUPPLY_DISRUPTION,180,54,lstm_rf,inventory_plus_routing,on,11,BASESTOCK,23541969.702462737,12438915.570380192,9961846.26787742,971102.130621457,170105.73358367122,0.7624983928090651,0.2478632478632478
SUPPLY_DISRUPTION,180,54,lstm_rf,inventory_plus_routing,on,11,AI,14086961.93357707,1885883.8269732937,11975005.289466426,189909.6779607133,36163.13917663815,0.7233929071596322,0.282051282051282
SUPPLY_DISRUPTION,180,54,lstm_rf,inventory_plus_routing,on,12,STATIC,23917637.066310547,16659.381368913106,23845028.25975156,32131.966370328133,23817.45881974324,0.4556093934033906,0.6153846153846154
SUPPLY_DISRUPTION,180,54,lstm_rf,inventory_plus_routing,on,12,DYNAMIC,23509415.792028643,83630.60691423947,23347554.741967063,51073.33228162606,27157.110865712748,0.4807952529230722,0.5299145299145299
SUPPLY_DISRUPTION,180,54,lstm_rf,inventory_plus_routing,on,12,DYN_FC,23746745.44728212,11736189.570850857,10882349.469916165,954138.147936678,174068.2585784193,0.7639809283920654,0.2435897435897435
SUPPLY_DISRUPTION,180,54,lstm_rf,inventory_plus_routing,on,12,BASESTOCK,25311825.16078441,12432581.548689986,11680846.564885262,1016925.1019135308,181471.94529562863,0.7498566612991826,0.2564102564102564
SUPPLY_DISRUPTION,180,54,lstm_rf,inventory_plus_routing,on,12,AI,13857002.019084971,1413243.32372654,12256887.856474556,156147.9574343643,30722.881449512908,0.7220743642407873,0.282051282051282
SUPPLY_DISRUPTION,180,54,lstm_rf,inventory_plus_routing,on,13,STATIC,26555353.3340636,7885.341575582096,26492262.47887308,31626.09212021854,23579.42149471772,0.4380865463230111,0.6367521367521367
SUPPLY_DISRUPTION,180,54,lstm_rf,inventory_plus_routing,on,13,DYNAMIC,26605642.18811458,56716.261409429,26470924.691039745,51082.08297195108,26919.15269345525,0.4924823964464987,0.5213675213675214
SUPPLY_DISRUPTION,180,54,lstm_rf,inventory_plus_routing,on,13,DYN_FC,28113966.174038317,12013710.920408135,14863332.219045175,1046023.3658036928,190899.66878130517,0.7532581501883483,0.2478632478632478
SUPPLY_DISRUPTION,180,54,lstm_rf,inventory_plus_routing,on,13,BASESTOCK,28147635.567179203,12050319.470821423,14863332.219045175,1048668.9149460297,185314.96236657057,0.7532581501883483,0.2478632478632478
SUPPLY_DISRUPTION,180,54,lstm_rf,inventory_plus_routing,on,13,AI,15919226.420973198,919454.748342664,14863332.219045175,113945.806776428,22493.64680892836,0.7532581501883483,0.2478632478632478
SUPPLY_DISRUPTION,180,54,lstm_rf,inventory_plus_routing,on,14,STATIC,20270771.645615023,9843.905830499967,20209433.806057565,28616.70302186224,22877.23070510125,0.4444376843302582,0.6709401709401709
SUPPLY_DISRUPTION,180,54,lstm_rf,inventory_plus_routing,on,14,DYNAMIC,16999582.910604876,94490.51892448062,16828997.023340013,50120.5689246312,25974.79941574729,0.5048651056819295,0.4957264957264957
SUPPLY_DISRUPTION,180,54,lstm_rf,inventory_plus_routing,on,14,DYN_FC,20749960.978746854,12687117.476788502,6964595.853154625,932436.4125967468,165811.23620698022,0.7730618264775391,0.2393162393162393
SUPPLY_DISRUPTION,180,54,lstm_rf,inventory_plus_routing,on,14,BASESTOCK,22977947.24786112,13806938.230013993,7939520.612292472,1047873.0724741628,183615.33308048823,0.736143647802386,0.2735042735042735
SUPPLY_DISRUPTION,180,54,lstm_rf,inventory_plus_routing,on,14,AI,10144637.201034056,2340083.5262537007,7513111.993058854,244772.4738160305,46669.20790547079,0.7502945394531629,0.2649572649572649
SUPPLY_DISRUPTION,180,54,lstm_rf,inventory_plus_routing,on,15,STATIC,23876530.101638027,11353.709738203142,23808639.452600967,32997.51835042507,23539.4209484325,0.4509809894906291,0.5726495726495726
SUPPLY_DISRUPTION,180,54,lstm_rf,inventory_plus_routing,on,15,DYNAMIC,21978852.428511664,70802.42065150973,21833720.049006604,48591.858529908495,25738.10032364531,0.4998895949156732,0.4914529914529914
SUPPLY_DISRUPTION,180,54,lstm_rf,inventory_plus_routing,on,15,DYN_FC,25142606.93374159,12279029.733954843,11670778.5772074,1012166.8813951988,180631.7411841435,0.7390133701606484,0.2435897435897435
SUPPLY_DISRUPTION,180,54,lstm_rf,inventory_plus_routing,on,15,BASESTOCK,24871758.134940263,12124670.063651072,11571265.957812397,996728.6764182076,179093.43705858735,0.7426171328411605,0.2393162393162393
SUPPLY_DISRUPTION,180,54,lstm_rf,inventory_plus_routing,on,15,AI,13998826.514512695,1960503.8250759284,11786382.793897342,211010.75328968148,40929.142249743534,0.7364117381687058,0.2478632478632478
SUPPLY_DISRUPTION,180,54,lstm_rf,inventory_plus_routing,on,16,STATIC,26924296.808876365,28475.38902951797,26840182.187965017,31977.75557986129,23661.4763019677,0.4167889750330749,0.5982905982905983
SUPPLY_DISRUPTION,180,54,lstm_rf,inventory_plus_routing,on,16,DYNAMIC,19670529.2416952,115847.21902772454,19476085.781938206,51564.51951021671,27031.72121905057,0.5057614517882935,0.5128205128205128
SUPPLY_DISRUPTION,180,54,lstm_rf,inventory_plus_routing,on,16,DYN_FC,23418190.4324176,11593762.111810992,10625713.328568162,1019963.6268140664,178751.36522437938,0.7526320892401034,0.2564102564102564
SUPPLY_DISRUPTION,180,54,lstm_rf,inventory_plus_routing,on,16,BASESTOCK,23231356.05984073,11496632.690791486,10549663.814648155,1000698.8925654736,184360.6618356181,0.7567994060063034,0.2478632478632478
SUPPLY_DISRUPTION,180,54,lstm_rf,inventory_plus_routing,on,16,AI,12739428.395432806,2259312.9061679123,10160533.00954689,270093.7642107923,49488.71550720917,0.7698489049932716,0.2307692307692307
SUPPLY_DISRUPTION,180,54,lstm_rf,inventory_plus_routing,on,17,STATIC,23328982.631743524,42569.86091789749,23228105.50857645,34043.72614798148,24263.536101195747,0.4508337173715741,0.5854700854700855
SUPPLY_DISRUPTION,180,54,lstm_rf,inventory_plus_routing,on,17,DYNAMIC,20897010.069513675,169514.19725923127,20647396.460003644,52686.00993308216,27413.40231771917,0.5074922702938465,0.5170940170940171
SUPPLY_DISRUPTION,180,54,lstm_rf,inventory_plus_routing,on,17,DYN_FC,25169814.59778532,14289347.907802086,9597309.164005827,1089378.8837176713,193778.6422597322,0.7609025513164206,0.235042735042735
SUPPLY_DISRUPTION,180,54,lstm_rf,inventory_plus_routing,on,17,BASESTOCK,24837189.0885459,13914350.120477274,9671681.494534958,1062052.0352751375,189105.4382585304,0.7584916398165027,0.2393162393162393
SUPPLY_DISRUPTION,180,54,lstm_rf,inventory_plus_routing,on,17,AI,15906424.862756012,1805871.808346523,13820528.225716272,236332.04368444328,43692.78500877239,0.6785670534179854,0.3205128205128205
SUPPLY_DISRUPTION,180,54,lstm_rf,inventory_plus_routing,on,18,STATIC,22090125.63961375,9081.65135689602,22028929.89640986,29119.533929996847,22994.55791699922,0.4598757821077249,0.6282051282051282
SUPPLY_DISRUPTION,180,54,lstm_rf,inventory_plus_routing,on,18,DYNAMIC,19101666.858721755,74331.20074211874,18952355.399736587,48438.04722409471,26542.211018955437,0.5008829124569112,0.5256410256410257
SUPPLY_DISRUPTION,180,54,lstm_rf,inventory_plus_routing,on,18,DYN_FC,21028033.42382201,10163171.706147144,9861175.321501626,846992.222994597,156694.17317864764,0.7743478358684485,0.2393162393162393
SUPPLY_DISRUPTION,180,54,lstm_rf,inventory_plus_routing,on,18,BASESTOCK,22701096.31854852,10911844.947574371,10718085.045968488,904216.806721648,166949.518284011,0.7577711393794617,0.2521367521367521
SUPPLY_DISRUPTION,180,54,lstm_rf,inventory_plus_routing,on,18,AI,13772095.07279909,2614307.8659135,10757432.232091213,337617.20526349056,62737.7695308866,0.7560758615356392,0.2564102564102564
SUPPLY_DISRUPTION,180,54,lstm_rf,inventory_plus_routing,on,19,STATIC,23184508.659516416,130653.87610959716,22996936.81093882,33014.57227135037,23903.40019664837,0.4380276777426788,0.6153846153846154
SUPPLY_DISRUPTION,180,54,lstm_rf,inventory_plus_routing,on,19,DYNAMIC,22022295.104683857,342548.30500168056,21602664.585705675,50531.5248458112,26550.6891306893,0.492708279275737,0.4871794871794871
SUPPLY_DISRUPTION,180,54,lstm_rf,inventory_plus_routing,on,19,DYN_FC,24623220.51150652,13811316.88897187,9585747.30627131,1039087.455964118,187068.8602992192,0.7617674204526775,0.2264957264957265
SUPPLY_DISRUPTION,180,54,lstm_rf,inventory_plus_routing,on,19,BASESTOCK,24986034.62022523,14146547.709298575,9585747.30627131,1061159.202993581,192580.4016617628,0.7617674204526775,0.2264957264957265
SUPPLY_DISRUPTION,180,54,lstm_rf,inventory_plus_routing,on,19,AI,11114898.897135472,1435481.85186501,9453190.36983738,189909.67796071336,36316.99747236841,0.7669529810529402,0.2222222222222222
SUPPLY_DISRUPTION,180,54,lstm_rf,inventory_plus_routing,on,20,STATIC,25291077.659841683,15585.909428459065,25218272.77961695,33355.92226725137,23863.04852902524,0.4348129125286379,0.5854700854700855
SUPPLY_DISRUPTION,180,54,lstm_rf,inventory_plus_routing,on,20,DYNAMIC,25400840.017904244,64374.234215255085,25259731.034458656,50055.20207864834,26679.5471516846,0.4972382400037956,0.5170940170940171
SUPPLY_DISRUPTION,180,54,lstm_rf,inventory_plus_routing,on,20,DYN_FC,24894097.25169275,13525018.897747586,10200399.541808896,994671.488019046,174007.3241172262,0.755204502521635,0.2435897435897435
SUPPLY_DISRUPTION,180,54,lstm_rf,inventory_plus_routing,on,20,BASESTOCK,24231032.31654064,13532915.413340578,9532391.099647136,988410.8321719548,177314.97138097516,0.7598950834451926,0.2393162393162393
SUPPLY_DISRUPTION,180,54,lstm_rf,inventory_plus_routing,on,20,AI,12715438.104631428,1658824.220137093,10845204.075456088,177249.03276333248,34160.776274913216,0.7351690502923262,0.2649572649572649
SUPPLY_DISRUPTION,180,54,lstm_rf,inventory_plus_routing,on,21,STATIC,26569113.838711776,12309.926749869252,26502831.479596782,30820.891106855463,23151.54125826633,0.4395067015648367,0.6367521367521367
SUPPLY_DISRUPTION,180,54,lstm_rf,inventory_plus_routing,on,21,DYNAMIC,24995554.446958046,91495.11774859855,24825299.122954,52086.65372063533,26673.55253481491,0.4966544199857077,0.5
SUPPLY_DISRUPTION,180,54,lstm_rf,inventory_plus_routing,on,21,DYN_FC,26486808.35064204,14335456.494895242,10959240.13643684,1012154.8875568788,179956.83175308007,0.763869946760861,0.2393162393162393
SUPPLY_DISRUPTION,180,54,lstm_rf,inventory_plus_routing,on,21,BASESTOCK,26658975.6512991,14196957.739872657,11275671.98704819,1005853.848352061,180492.0760261957,0.7515998846655776,0.2478632478632478
SUPPLY_DISRUPTION,180,54,lstm_rf,inventory_plus_routing,on,21,AI,14678450.20216482,3281762.70418786,11006277.622840248,329176.7751319031,61233.10000480699,0.757033348591291,0.2435897435897435
SUPPLY_DISRUPTION,180,54,lstm_rf,inventory_plus_routing,on,22,STATIC,26737537.866560265,34718.788390040754,26646713.63239128,32842.25333428182,23263.19244466574,0.4387166649829492,0.5811965811965812
SUPPLY_DISRUPTION,180,54,lstm_rf,inventory_plus_routing,on,22,DYNAMIC,22197606.45997031,131113.0987845978,21988415.72509561,51533.21845142885,26544.41763866673,0.5052478378086662,0.4957264957264957
SUPPLY_DISRUPTION,180,54,lstm_rf,inventory_plus_routing,on,22,DYN_FC,25575216.037588496,13294824.291012386,11053041.20820068,1046250.5653899894,181099.97298543763,0.7372827442020269,0.2478632478632478
SUPPLY_DISRUPTION,180,54,lstm_rf,inventory_plus_routing,on,22,BASESTOCK,26189949.04906474,13557791.9757243,11368884.429149026,1069623.3107404646,193649.3334509514,0.734897357200295,0.2521367521367521
SUPPLY_DISRUPTION,180,54,lstm_rf,inventory_plus_routing,on,22,AI,12847499.62367769,1163622.772770492,11536836.411755929,122386.23690801529,24654.2022432556,0.7275160680045085,0.2564102564102564
SUPPLY_DISRUPTION,180,54,lstm_rf,inventory_plus_routing,on,23,STATIC,21669491.84841068,26174.957405181613,21588505.97270516,31500.744567846632,23310.173732497507,0.4551655179212671,0.6068376068376068
SUPPLY_DISRUPTION,180,54,lstm_rf,inventory_plus_routing,on,23,DYNAMIC,19347064.650022183,123239.13337326037,19147669.021432877,49099.86098598845,27056.63423006397,0.5067914304915941,0.5128205128205128
SUPPLY_DISRUPTION,180,54,lstm_rf,inventory_plus_routing,on,23,DYN_FC,23386868.72659065,12610183.069700548,9655707.931701807,950375.6908768571,170602.0343114351,0.7562476240220047,0.235042735042735
SUPPLY_DISRUPTION,180,54,lstm_rf,inventory_plus_routing,on,23,BASESTOCK,23175655.640540328,12437242.718525112,9640919.912267853,932356.6832604128,165136.3264869534,0.7583568088446256,0.2307692307692307
SUPPLY_DISRUPTION,180,54,lstm_rf,inventory_plus_routing,on,23,AI,12758146.986652412,1980189.487088325,10538337.888731005,202570.32315809425,37049.28767499168,0.7447872453490334,0.2478632478632478
SUPPLY_DISRUPTION,180,54,lstm_rf,inventory_plus_routing,on,24,STATIC,24488717.98674608,53998.70347963947,24377466.05051725,33480.99952636475,23772.23322281837,0.4400012465790199,0.5683760683760684
SUPPLY_DISRUPTION,180,54,lstm_rf,inventory_plus_routing,on,24,DYNAMIC,24720744.7819504,197644.767834113,24443595.96668668,52397.87629427396,27106.171135330587,0.4768004191922229,0.5170940170940171
SUPPLY_DISRUPTION,180,54,lstm_rf,inventory_plus_routing,on,24,DYN_FC,27062823.194019515,14105128.778183077,11654035.90543545,1102515.1598278831,201143.3505731031,0.7385296233935015,0.2478632478632478
SUPPLY_DISRUPTION,180,54,lstm_rf,inventory_plus_routing,on,24,BASESTOCK,26425637.036560036,13516355.081389789,11654035.90543545,1066710.8799960834,188535.1697387135,0.7385296233935015,0.2478632478632478
SUPPLY_DISRUPTION,180,54,lstm_rf,inventory_plus_routing,on,24,AI,12750581.46191223,824913.7071477051,11825243.615231706,84404.3013158726,16019.838216947695,0.7337712253798433,0.2564102564102564
SUPPLY_DISRUPTION,180,54,lstm_rf,inventory_plus_routing,on,25,STATIC,24178181.74464796,10509.769497187448,24113029.65618865,31072.15050982868,23570.168452293357,0.4416877149031007,0.6068376068376068
SUPPLY_DISRUPTION,180,54,lstm_rf,inventory_plus_routing,on,25,DYNAMIC,21567495.395148948,72913.23441281382,21418376.695210744,49431.45853409826,26774.006991289592,0.4895643558737391,0.5213675213675214
SUPPLY_DISRUPTION,180,54,lstm_rf,inventory_plus_routing,on,25,DYN_FC,22984691.534709807,12200248.384042667,9662976.68372691,952512.6499274347,168953.81701279443,0.7642859093422292,0.2393162393162393
SUPPLY_DISRUPTION,180,54,lstm_rf,inventory_plus_routing,on,25,BASESTOCK,23690150.64577573,12345654.029575069,10204735.146788009,965165.797064982,174595.67234767476,0.7589190081869669,0.2435897435897435
SUPPLY_DISRUPTION,180,54,lstm_rf,inventory_plus_routing,on,25,AI,12562363.6915796,1333401.814269657,11054736.1647156,147707.52730277707,26518.185291567846,0.7329560544779569,0.2649572649572649
SUPPLY_DISRUPTION,180,54,lstm_rf,inventory_plus_routing,on,26,STATIC,24473641.933815096,12439.641763966418,24405007.226217546,32039.242567770325,24155.823265813076,0.4276680454535435,0.6410256410256411
SUPPLY_DISRUPTION,180,54,lstm_rf,inventory_plus_routing,on,26,DYNAMIC,23066583.156287678,82481.7127831193,22904368.230082914,52778.28115268146,26954.932268958997,0.4627673114660623,0.5128205128205128
SUPPLY_DISRUPTION,180,54,lstm_rf,inventory_plus_routing,on,26,DYN_FC,24298586.155852087,12625127.83872345,10564255.151052449,942402.0163413528,166801.14973483226,0.7603470673367245,0.2393162393162393
SUPPLY_DISRUPTION,180,54,lstm_rf,inventory_plus_routing,on,26,BASESTOCK,24873475.072269835,12990861.2021102,10727476.460305087,979423.4646082438,175713.9452463002,0.7562560859412044,0.2435897435897435
SUPPLY_DISRUPTION,180,54,lstm_rf,inventory_plus_routing,on,26,AI,12753494.363288436,2198394.277603152,10284224.98489666,227891.613552856,42983.48723576957,0.7732146491884393,0.2264957264957265
SUPPLY_DISRUPTION,180,54,lstm_rf,inventory_plus_routing,on,27,STATIC,18518863.6563064,19355.857898752496,18446054.696564108,30594.40690016225,22858.694943371247,0.4146871081712056,0.5683760683760684
SUPPLY_DISRUPTION,180,54,lstm_rf,inventory_plus_routing,on,27,DYNAMIC,16441213.772038968,88895.46582607063,16281473.389134636,45960.74357696975,24884.173501292946,0.5153470504914013,0.4829059829059829
SUPPLY_DISRUPTION,180,54,lstm_rf,inventory_plus_routing,on,27,DYN_FC,20241924.29366427,11770095.49987604,7277194.250266702,1012622.0110304668,182012.53249106056,0.7361940031865893,0.2521367521367521
SUPPLY_DISRUPTION,180,54,lstm_rf,inventory_plus_routing,on,27,BASESTOCK,20318616.338715337,11845792.121602772,7277194.250266702,1013249.0731475686,182380.89369829223,0.7361940031865893,0.2521367521367521
SUPPLY_DISRUPTION,180,54,lstm_rf,inventory_plus_routing,on,27,AI,9649758.07465506,1836380.4179661984,7576801.966565219,198350.1080923006,38225.58203134209,0.7299643443480823,0.2606837606837607
SUPPLY_DISRUPTION,180,54,lstm_rf,inventory_plus_routing,on,28,STATIC,21007019.52953296,29033.590365777887,20924534.972765367,30203.48627174317,23247.480130073443,0.440126810054008,0.5811965811965812
SUPPLY_DISRUPTION,180,54,lstm_rf,inventory_plus_routing,on,28,DYNAMIC,20314285.733262826,115443.86066696647,20120897.83919008,50841.10816684753,27102.92523893108,0.5109474151079872,0.5128205128205128
SUPPLY_DISRUPTION,180,54,lstm_rf,inventory_plus_routing,on,28,DYN_FC,21871113.61615012,9840657.950331848,11023910.034831902,852555.545099656,153990.08588671376,0.7596814355309023,0.2393162393162393
SUPPLY_DISRUPTION,180,54,lstm_rf,inventory_plus_routing,on,28,BASESTOCK,20718842.222470623,9667229.431844518,10069322.561700009,831167.2620017253,151122.96692437172,0.7743016717254161,0.2264957264957265
SUPPLY_DISRUPTION,180,54,lstm_rf,inventory_plus_routing,on,28,AI,12487134.958233066,1175547.9455764035,11149576.565395614,135046.88210539616,26963.56515565182,0.754566899351376,0.2478632478632478
SUPPLY_DISRUPTION,180,54,lstm_rf,inventory_plus_routing,on,29,STATIC,21993705.93777505,20141.929470598752,21914224.37938475,35269.96939435035,24069.65952534847,0.4368399503421941,0.5512820512820513
SUPPLY_DISRUPTION,180,54,lstm_rf,inventory_plus_routing,on,29,DYNAMIC,17496615.816943116,123275.89213538084,17297239.758250177,50708.24315477708,25391.923402781325,0.5146469979399627,0.4743589743589743
SUPPLY_DISRUPTION,180,54,lstm_rf,inventory_plus_routing,on,29,DYN_FC,25038208.75105377,13916643.827657284,9850828.073334482,1075762.2814824462,194974.5685795552,0.7413471356566198,0.2435897435897435
SUPPLY_DISRUPTION,180,54,lstm_rf,inventory_plus_routing,on,29,BASESTOCK,24873178.437184937,13781561.441345133,9837964.509423891,1065021.4726383472,188631.01377756995,0.7427828786219244,0.2393162393162393
SUPPLY_DISRUPTION,180,54,lstm_rf,inventory_plus_routing,on,29,AI,17908227.156855837,1254372.596753906,16437967.221329376,181469.24782912608,34418.09094342797,0.6019743368489687,0.3888888888888889
